"Template","Series","Organisation","STD-WHO","STD-L0","STD-L1","STD-L2","STD-L3","STD-Lon","STD-Lat","STD-DATE","STD-TIME","DH1","DH2","DH3"
"Damaged Houses","EFFECTS of TYPHOON ""YOLANDA"" (HAIYAN)","JICA / OCD","TYPHOON","Philippines","REGION IV-A","BATANGAS","STA. TERESITA","STD-Lon","STD-Lat","25/11/13","06:00 AM","0","1","1"
"Damaged Houses","EFFECTS of TYPHOON ""YOLANDA"" (HAIYAN)","JICA / OCD","TYPHOON","Philippines","REGION IV-A","BATANGAS","BALAYAN","STD-Lon","STD-Lat","25/11/13","06:00 AM","14","135","149"
"Damaged Houses","EFFECTS of TYPHOON ""YOLANDA"" (HAIYAN)","JICA / OCD","TYPHOON","Philippines","REGION IV-A","BATANGAS","LIAN","STD-Lon","STD-Lat","25/11/13","06:00 AM","14","634","648"
"Damaged Houses","EFFECTS of TYPHOON ""YOLANDA"" (HAIYAN)","JICA / OCD","TYPHOON","Philippines","REGION IV-A","LAGUNA","SAN PABLO CITY","STD-Lon","STD-Lat","25/11/13","06:00 AM","0","1","1"
"Damaged Houses","EFFECTS of TYPHOON ""YOLANDA"" (HAIYAN)","JICA / OCD","TYPHOON","Philippines","REGION IV-A","LAGUNA","VICTORIA","STD-Lon","STD-Lat","25/11/13","06:00 AM","0","22","22"
"Damaged Houses","EFFECTS of TYPHOON ""YOLANDA"" (HAIYAN)","JICA / OCD","TYPHOON","Philippines","REGION IV-A","LAGUNA","PANGIL","STD-Lon","STD-Lat","25/11/13","06:00 AM","2","13","15"
"Damaged Houses","EFFECTS of TYPHOON ""YOLANDA"" (HAIYAN)","JICA / OCD","TYPHOON","Philippines","REGION IV-A","QUEZON","CANDELARIA","STD-Lon","STD-Lat","25/11/13","06:00 AM","4","0","4"
"Damaged Houses","EFFECTS of TYPHOON ""YOLANDA"" (HAIYAN)","JICA / OCD","TYPHOON","Philippines","REGION IV-B","OCC MINDORO","ABRA DE ILOG","STD-Lon","STD-Lat","25/11/13","06:00 AM","25","108","133"
"Damaged Houses","EFFECTS of TYPHOON ""YOLANDA"" (HAIYAN)","JICA / OCD","TYPHOON","Philippines","REGION IV-B","OCC MINDORO","CALINATAAN","STD-Lon","STD-Lat","25/11/13","06:00 AM","10","22","32"
"Damaged Houses","EFFECTS of TYPHOON ""YOLANDA"" (HAIYAN)","JICA / OCD","TYPHOON","Philippines","REGION IV-B","OCC MINDORO","MAGSAYSAY","STD-Lon","STD-Lat","25/11/13","06:00 AM","209","1272","1481"
"Damaged Houses","EFFECTS of TYPHOON ""YOLANDA"" (HAIYAN)","JICA / OCD","TYPHOON","Philippines","REGION IV-B","OCC MINDORO","LUBANG","STD-Lon","STD-Lat","25/11/13","06:00 AM","1","15","16"
"Damaged Houses","EFFECTS of TYPHOON ""YOLANDA"" (HAIYAN)","JICA / OCD","TYPHOON","Philippines","REGION IV-B","OCC MINDORO","LOOC","STD-Lon","STD-Lat","25/11/13","06:00 AM","2","36","38"
"Damaged Houses","EFFECTS of TYPHOON ""YOLANDA"" (HAIYAN)","JICA / OCD","TYPHOON","Philippines","REGION IV-B","OCC MINDORO","RIZAL","STD-Lon","STD-Lat","25/11/13","06:00 AM","26","331","357"
"Damaged Houses","EFFECTS of TYPHOON ""YOLANDA"" (HAIYAN)","JICA / OCD","TYPHOON","Philippines","REGION IV-B","OCC MINDORO","SAN JOSE","STD-Lon","STD-Lat","25/11/13","06:00 AM","237","633","870"
"Damaged Houses","EFFECTS of TYPHOON ""YOLANDA"" (HAIYAN)","JICA / OCD","TYPHOON","Philippines","REGION IV-B","OCC MINDORO","PALAUAN","STD-Lon","STD-Lat","25/11/13","06:00 AM","0","5","5"
"Damaged Houses","EFFECTS of TYPHOON ""YOLANDA"" (HAIYAN)","JICA / OCD","TYPHOON","Philippines","REGION IV-B","MARINDUQUE","BOAC","STD-Lon","STD-Lat","25/11/13","06:00 AM","2","12","14"
"Damaged Houses","EFFECTS of TYPHOON ""YOLANDA"" (HAIYAN)","JICA / OCD","TYPHOON","Philippines","REGION IV-B","MARINDUQUE","GASAN","STD-Lon","STD-Lat","25/11/13","06:00 AM","3","131","134"
"Damaged Houses","EFFECTS of TYPHOON ""YOLANDA"" (HAIYAN)","JICA / OCD","TYPHOON","Philippines","REGION IV-B","ORIENTAL MINDORO","BACO","STD-Lon","STD-Lat","25/11/13","06:00 AM","28","480","508"
"Damaged Houses","EFFECTS of TYPHOON ""YOLANDA"" (HAIYAN)","JICA / OCD","TYPHOON","Philippines","REGION IV-B","ORIENTAL MINDORO","BONGABONG","STD-Lon","STD-Lat","25/11/13","06:00 AM","35","102","137"
"Damaged Houses","EFFECTS of TYPHOON ""YOLANDA"" (HAIYAN)","JICA / OCD","TYPHOON","Philippines","REGION IV-B","ORIENTAL MINDORO","BULALACAO","STD-Lon","STD-Lat","25/11/13","06:00 AM","144","332","476"
"Damaged Houses","EFFECTS of TYPHOON ""YOLANDA"" (HAIYAN)","JICA / OCD","TYPHOON","Philippines","REGION IV-B","ORIENTAL MINDORO","GLORIA","STD-Lon","STD-Lat","25/11/13","06:00 AM","0","5","5"
"Damaged Houses","EFFECTS of TYPHOON ""YOLANDA"" (HAIYAN)","JICA / OCD","TYPHOON","Philippines","REGION IV-B","ORIENTAL MINDORO","MANSALAY","STD-Lon","STD-Lat","25/11/13","06:00 AM","14","38","52"
"Damaged Houses","EFFECTS of TYPHOON ""YOLANDA"" (HAIYAN)","JICA / OCD","TYPHOON","Philippines","REGION IV-B","ORIENTAL MINDORO","NAUJAN","STD-Lon","STD-Lat","25/11/13","06:00 AM","36","84","120"
"Damaged Houses","EFFECTS of TYPHOON ""YOLANDA"" (HAIYAN)","JICA / OCD","TYPHOON","Philippines","REGION IV-B","ORIENTAL MINDORO","PINAMALAYAN","STD-Lon","STD-Lat","25/11/13","06:00 AM","0","33","33"
"Damaged Houses","EFFECTS of TYPHOON ""YOLANDA"" (HAIYAN)","JICA / OCD","TYPHOON","Philippines","REGION IV-B","ORIENTAL MINDORO","PUERTO GALERA","STD-Lon","STD-Lat","25/11/13","06:00 AM","42","12","54"
"Damaged Houses","EFFECTS of TYPHOON ""YOLANDA"" (HAIYAN)","JICA / OCD","TYPHOON","Philippines","REGION IV-B","ORIENTAL MINDORO","CALAPAN CITY","STD-Lon","STD-Lat","25/11/13","06:00 AM","2","57","59"
"Damaged Houses","EFFECTS of TYPHOON ""YOLANDA"" (HAIYAN)","JICA / OCD","TYPHOON","Philippines","REGION IV-B","ORIENTAL MINDORO","BANSUD","STD-Lon","STD-Lat","25/11/13","06:00 AM","34","125","159"
"Damaged Houses","EFFECTS of TYPHOON ""YOLANDA"" (HAIYAN)","JICA / OCD","TYPHOON","Philippines","REGION IV-B","ORIENTAL MINDORO","POLA","STD-Lon","STD-Lat","25/11/13","06:00 AM","26","334","360"
"Damaged Houses","EFFECTS of TYPHOON ""YOLANDA"" (HAIYAN)","JICA / OCD","TYPHOON","Philippines","REGION IV-B","ORIENTAL MINDORO","SOCORRO","STD-Lon","STD-Lat","25/11/13","06:00 AM","5","12","17"
"Damaged Houses","EFFECTS of TYPHOON ""YOLANDA"" (HAIYAN)","JICA / OCD","TYPHOON","Philippines","REGION IV-B","ROMBLON","ALCANTARA","STD-Lon","STD-Lat","25/11/13","06:00 AM","35","691","726"
"Damaged Houses","EFFECTS of TYPHOON ""YOLANDA"" (HAIYAN)","JICA / OCD","TYPHOON","Philippines","REGION IV-B","ROMBLON","CAJIDIOCAN","STD-Lon","STD-Lat","25/11/13","06:00 AM","2","13","15"
"Damaged Houses","EFFECTS of TYPHOON ""YOLANDA"" (HAIYAN)","JICA / OCD","TYPHOON","Philippines","REGION IV-B","ROMBLON","CALATRAVA","STD-Lon","STD-Lat","25/11/13","06:00 AM","14","94","108"
"Damaged Houses","EFFECTS of TYPHOON ""YOLANDA"" (HAIYAN)","JICA / OCD","TYPHOON","Philippines","REGION IV-B","ROMBLON","CONCEPCION","STD-Lon","STD-Lat","25/11/13","06:00 AM","1","32","33"
"Damaged Houses","EFFECTS of TYPHOON ""YOLANDA"" (HAIYAN)","JICA / OCD","TYPHOON","Philippines","REGION IV-B","ROMBLON","CORCUERA","STD-Lon","STD-Lat","25/11/13","06:00 AM","2","112","114"
"Damaged Houses","EFFECTS of TYPHOON ""YOLANDA"" (HAIYAN)","JICA / OCD","TYPHOON","Philippines","REGION IV-B","ROMBLON","FERROL","STD-Lon","STD-Lat","25/11/13","06:00 AM","34","276","310"
"Damaged Houses","EFFECTS of TYPHOON ""YOLANDA"" (HAIYAN)","JICA / OCD","TYPHOON","Philippines","REGION IV-B","ROMBLON","LOOC","STD-Lon","STD-Lat","25/11/13","06:00 AM","77","705","782"
"Damaged Houses","EFFECTS of TYPHOON ""YOLANDA"" (HAIYAN)","JICA / OCD","TYPHOON","Philippines","REGION IV-B","ROMBLON","ODIONGAN","STD-Lon","STD-Lat","25/11/13","06:00 AM","76","845","921"
"Damaged Houses","EFFECTS of TYPHOON ""YOLANDA"" (HAIYAN)","JICA / OCD","TYPHOON","Philippines","REGION IV-B","ROMBLON","ROMBLON","STD-Lon","STD-Lat","25/11/13","06:00 AM","9","155","164"
"Damaged Houses","EFFECTS of TYPHOON ""YOLANDA"" (HAIYAN)","JICA / OCD","TYPHOON","Philippines","REGION IV-B","ROMBLON","SAN AGUSTIN","STD-Lon","STD-Lat","25/11/13","06:00 AM","6","76","82"
"Damaged Houses","EFFECTS of TYPHOON ""YOLANDA"" (HAIYAN)","JICA / OCD","TYPHOON","Philippines","REGION IV-B","ROMBLON","SAN ANDRES","STD-Lon","STD-Lat","25/11/13","06:00 AM","55","878","933"
"Damaged Houses","EFFECTS of TYPHOON ""YOLANDA"" (HAIYAN)","JICA / OCD","TYPHOON","Philippines","REGION IV-B","ROMBLON","SAN FERNANDO","STD-Lon","STD-Lat","25/11/13","06:00 AM","68","558","626"
"Damaged Houses","EFFECTS of TYPHOON ""YOLANDA"" (HAIYAN)","JICA / OCD","TYPHOON","Philippines","REGION IV-B","ROMBLON","SAN JOSE","STD-Lon","STD-Lat","25/11/13","06:00 AM","82","966","1048"
"Damaged Houses","EFFECTS of TYPHOON ""YOLANDA"" (HAIYAN)","JICA / OCD","TYPHOON","Philippines","REGION IV-B","ROMBLON","STA. FE","STD-Lon","STD-Lat","25/11/13","06:00 AM","105","1404","1509"
"Damaged Houses","EFFECTS of TYPHOON ""YOLANDA"" (HAIYAN)","JICA / OCD","TYPHOON","Philippines","REGION IV-B","ROMBLON","STA. MARIA","STD-Lon","STD-Lat","25/11/13","06:00 AM","7","40","47"
"Damaged Houses","EFFECTS of TYPHOON ""YOLANDA"" (HAIYAN)","JICA / OCD","TYPHOON","Philippines","REGION IV-B","PALAWAN","AGUTAYA","STD-Lon","STD-Lat","25/11/13","06:00 AM","921","422","1343"
"Damaged Houses","EFFECTS of TYPHOON ""YOLANDA"" (HAIYAN)","JICA / OCD","TYPHOON","Philippines","REGION IV-B","PALAWAN","BUSUANGA","STD-Lon","STD-Lat","25/11/13","06:00 AM","1580","2607","4187"
"Damaged Houses","EFFECTS of TYPHOON ""YOLANDA"" (HAIYAN)","JICA / OCD","TYPHOON","Philippines","REGION IV-B","PALAWAN","CORON","STD-Lon","STD-Lat","25/11/13","06:00 AM","3334","6521","9855"
"Damaged Houses","EFFECTS of TYPHOON ""YOLANDA"" (HAIYAN)","JICA / OCD","TYPHOON","Philippines","REGION IV-B","PALAWAN","CULLION","STD-Lon","STD-Lat","25/11/13","06:00 AM","1528","2481","4009"
"Damaged Houses","EFFECTS of TYPHOON ""YOLANDA"" (HAIYAN)","JICA / OCD","TYPHOON","Philippines","REGION IV-B","PALAWAN","CUYO","STD-Lon","STD-Lat","25/11/13","06:00 AM","22","426","448"
"Damaged Houses","EFFECTS of TYPHOON ""YOLANDA"" (HAIYAN)","JICA / OCD","TYPHOON","Philippines","REGION IV-B","PALAWAN","EL NIDO","STD-Lon","STD-Lat","25/11/13","06:00 AM","6","44","50"
"Damaged Houses","EFFECTS of TYPHOON ""YOLANDA"" (HAIYAN)","JICA / OCD","TYPHOON","Philippines","REGION IV-B","PALAWAN","LINAPACAN","STD-Lon","STD-Lat","25/11/13","06:00 AM","22","545","567"
"Damaged Houses","EFFECTS of TYPHOON ""YOLANDA"" (HAIYAN)","JICA / OCD","TYPHOON","Philippines","REGION IV-B","PALAWAN","MAGSAYSAY","STD-Lon","STD-Lat","25/11/13","06:00 AM","16","538","554"
"Damaged Houses","EFFECTS of TYPHOON ""YOLANDA"" (HAIYAN)","JICA / OCD","TYPHOON","Philippines","REGION IV-B","PALAWAN","ROXAS","STD-Lon","STD-Lat","25/11/13","06:00 AM","1","3","4"
"Damaged Houses","EFFECTS of TYPHOON ""YOLANDA"" (HAIYAN)","JICA / OCD","TYPHOON","Philippines","REGION IV-B","PALAWAN","SAN VICENTE","STD-Lon","STD-Lat","25/11/13","06:00 AM","0","1","1"
"Damaged Houses","EFFECTS of TYPHOON ""YOLANDA"" (HAIYAN)","JICA / OCD","TYPHOON","Philippines","REGION IV-B","PALAWAN","PUERTO PRINCESA CITY","STD-Lon","STD-Lat","25/11/13","06:00 AM","1","2","3"
"Damaged Houses","EFFECTS of TYPHOON ""YOLANDA"" (HAIYAN)","JICA / OCD","TYPHOON","Philippines","REGION V","ALBAY","RAPU-RAPU","STD-Lon","STD-Lat","25/11/13","06:00 AM","56","30","86"
"Damaged Houses","EFFECTS of TYPHOON ""YOLANDA"" (HAIYAN)","JICA / OCD","TYPHOON","Philippines","REGION V","ALBAY","STO. DOMINGO","STD-Lon","STD-Lat","25/11/13","06:00 AM","8","56","64"
"Damaged Houses","EFFECTS of TYPHOON ""YOLANDA"" (HAIYAN)","JICA / OCD","TYPHOON","Philippines","REGION V","CAMARINES SUR","CARAMOAN","STD-Lon","STD-Lat","25/11/13","06:00 AM","15","0","15"
"Damaged Houses","EFFECTS of TYPHOON ""YOLANDA"" (HAIYAN)","JICA / OCD","TYPHOON","Philippines","REGION V","CAMARINES SUR","DEL GALLEGO","STD-Lon","STD-Lat","25/11/13","06:00 AM","3","17","20"
"Damaged Houses","EFFECTS of TYPHOON ""YOLANDA"" (HAIYAN)","JICA / OCD","TYPHOON","Philippines","REGION V","CAMARINES SUR","LAGONOY","STD-Lon","STD-Lat","25/11/13","06:00 AM","6","0","6"
"Damaged Houses","EFFECTS of TYPHOON ""YOLANDA"" (HAIYAN)","JICA / OCD","TYPHOON","Philippines","REGION V","CAMARINES SUR","LUPI","STD-Lon","STD-Lat","25/11/13","06:00 AM","1","0","1"
"Damaged Houses","EFFECTS of TYPHOON ""YOLANDA"" (HAIYAN)","JICA / OCD","TYPHOON","Philippines","REGION V","CAMARINES SUR","OCAMPO","STD-Lon","STD-Lat","25/11/13","06:00 AM","0","765","765"
"Damaged Houses","EFFECTS of TYPHOON ""YOLANDA"" (HAIYAN)","JICA / OCD","TYPHOON","Philippines","REGION V","CAMARINES SUR","PRESENTACION","STD-Lon","STD-Lat","25/11/13","06:00 AM","181","186","367"
"Damaged Houses","EFFECTS of TYPHOON ""YOLANDA"" (HAIYAN)","JICA / OCD","TYPHOON","Philippines","REGION V","CAMARINES SUR","RAGAY","STD-Lon","STD-Lat","25/11/13","06:00 AM","9","319","328"
"Damaged Houses","EFFECTS of TYPHOON ""YOLANDA"" (HAIYAN)","JICA / OCD","TYPHOON","Philippines","REGION V","CAMARINES SUR","SAGNAY","STD-Lon","STD-Lat","25/11/13","06:00 AM","67","366","433"
"Damaged Houses","EFFECTS of TYPHOON ""YOLANDA"" (HAIYAN)","JICA / OCD","TYPHOON","Philippines","REGION V","CAMARINES SUR","SAN JOSE","STD-Lon","STD-Lat","25/11/13","06:00 AM","97","10","107"
"Damaged Houses","EFFECTS of TYPHOON ""YOLANDA"" (HAIYAN)","JICA / OCD","TYPHOON","Philippines","REGION V","CAMARINES SUR","SIRUMA","STD-Lon","STD-Lat","25/11/13","06:00 AM","14","201","215"
"Damaged Houses","EFFECTS of TYPHOON ""YOLANDA"" (HAIYAN)","JICA / OCD","TYPHOON","Philippines","REGION V","MASBATE","BALENO","STD-Lon","STD-Lat","25/11/13","06:00 AM","15","201","216"
"Damaged Houses","EFFECTS of TYPHOON ""YOLANDA"" (HAIYAN)","JICA / OCD","TYPHOON","Philippines","REGION V","MASBATE","BATUAN","STD-Lon","STD-Lat","25/11/13","06:00 AM","24","278","302"
"Damaged Houses","EFFECTS of TYPHOON ""YOLANDA"" (HAIYAN)","JICA / OCD","TYPHOON","Philippines","REGION V","MASBATE","CATAINGAN","STD-Lon","STD-Lat","25/11/13","06:00 AM","216","428","644"
"Damaged Houses","EFFECTS of TYPHOON ""YOLANDA"" (HAIYAN)","JICA / OCD","TYPHOON","Philippines","REGION V","MASBATE","CAWAYAN","STD-Lon","STD-Lat","25/11/13","06:00 AM","357","1443","1800"
"Damaged Houses","EFFECTS of TYPHOON ""YOLANDA"" (HAIYAN)","JICA / OCD","TYPHOON","Philippines","REGION V","MASBATE","ESPERANZA","STD-Lon","STD-Lat","25/11/13","06:00 AM","87","670","757"
"Damaged Houses","EFFECTS of TYPHOON ""YOLANDA"" (HAIYAN)","JICA / OCD","TYPHOON","Philippines","REGION V","MASBATE","MILAGROS","STD-Lon","STD-Lat","25/11/13","06:00 AM","329","826","1155"
"Damaged Houses","EFFECTS of TYPHOON ""YOLANDA"" (HAIYAN)","JICA / OCD","TYPHOON","Philippines","REGION V","MASBATE","MONREAL","STD-Lon","STD-Lat","25/11/13","06:00 AM","0","1","1"
"Damaged Houses","EFFECTS of TYPHOON ""YOLANDA"" (HAIYAN)","JICA / OCD","TYPHOON","Philippines","REGION V","MASBATE","PALANAS","STD-Lon","STD-Lat","25/11/13","06:00 AM","25","198","223"
"Damaged Houses","EFFECTS of TYPHOON ""YOLANDA"" (HAIYAN)","JICA / OCD","TYPHOON","Philippines","REGION V","MASBATE","PLACER","STD-Lon","STD-Lat","25/11/13","06:00 AM","181","1475","1656"
"Damaged Houses","EFFECTS of TYPHOON ""YOLANDA"" (HAIYAN)","JICA / OCD","TYPHOON","Philippines","REGION V","MASBATE","PIO V. CORPUZ","STD-Lon","STD-Lat","25/11/13","06:00 AM","157","509","666"
"Damaged Houses","EFFECTS of TYPHOON ""YOLANDA"" (HAIYAN)","JICA / OCD","TYPHOON","Philippines","REGION V","MASBATE","SAN PASCUAL","STD-Lon","STD-Lat","25/11/13","06:00 AM","5","16","21"
"Damaged Houses","EFFECTS of TYPHOON ""YOLANDA"" (HAIYAN)","JICA / OCD","TYPHOON","Philippines","REGION V","SORSOGON","BULUSAN","STD-Lon","STD-Lat","25/11/13","06:00 AM","27","302","329"
"Damaged Houses","EFFECTS of TYPHOON ""YOLANDA"" (HAIYAN)","JICA / OCD","TYPHOON","Philippines","REGION V","SORSOGON","GUBAT","STD-Lon","STD-Lat","25/11/13","06:00 AM","3","78","81"
"Damaged Houses","EFFECTS of TYPHOON ""YOLANDA"" (HAIYAN)","JICA / OCD","TYPHOON","Philippines","REGION V","SORSOGON","MATNONG","STD-Lon","STD-Lat","25/11/13","06:00 AM","38","934","972"
"Damaged Houses","EFFECTS of TYPHOON ""YOLANDA"" (HAIYAN)","JICA / OCD","TYPHOON","Philippines","REGION V","SORSOGON","PILAR","STD-Lon","STD-Lat","25/11/13","06:00 AM","27","302","329"
"Damaged Houses","EFFECTS of TYPHOON ""YOLANDA"" (HAIYAN)","JICA / OCD","TYPHOON","Philippines","REGION V","SORSOGON","SORSOGON CITY","STD-Lon","STD-Lat","25/11/13","06:00 AM","6","175","181"
"Damaged Houses","EFFECTS of TYPHOON ""YOLANDA"" (HAIYAN)","JICA / OCD","TYPHOON","Philippines","REGION V","SORSOGON","STA. MAGDALENA","STD-Lon","STD-Lat","25/11/13","06:00 AM","12","99","111"
"Damaged Houses","EFFECTS of TYPHOON ""YOLANDA"" (HAIYAN)","JICA / OCD","TYPHOON","Philippines","REGION V","CATANDUANES","BARAS","STD-Lon","STD-Lat","25/11/13","06:00 AM","28","16","44"
"Damaged Houses","EFFECTS of TYPHOON ""YOLANDA"" (HAIYAN)","JICA / OCD","TYPHOON","Philippines","REGION V","CATANDUANES","BATO","STD-Lon","STD-Lat","25/11/13","06:00 AM","26","66","92"
"Damaged Houses","EFFECTS of TYPHOON ""YOLANDA"" (HAIYAN)","JICA / OCD","TYPHOON","Philippines","REGION V","CATANDUANES","GIGMOTO","STD-Lon","STD-Lat","25/11/13","06:00 AM","29","1","30"
"Damaged Houses","EFFECTS of TYPHOON ""YOLANDA"" (HAIYAN)","JICA / OCD","TYPHOON","Philippines","REGION V","CATANDUANES","PANDAN","STD-Lon","STD-Lat","25/11/13","06:00 AM","1","5","6"
"Damaged Houses","EFFECTS of TYPHOON ""YOLANDA"" (HAIYAN)","JICA / OCD","TYPHOON","Philippines","REGION V","CATANDUANES","VIGA","STD-Lon","STD-Lat","25/11/13","06:00 AM","0","5","5"
"Damaged Houses","EFFECTS of TYPHOON ""YOLANDA"" (HAIYAN)","JICA / OCD","TYPHOON","Philippines","REGION V","CATANDUANES","VIRAC","STD-Lon","STD-Lat","25/11/13","06:00 AM","84","80","164"
"Damaged Houses","EFFECTS of TYPHOON ""YOLANDA"" (HAIYAN)","JICA / OCD","TYPHOON","Philippines","REGION VI","AKLAN","ALTAVAS","STD-Lon","STD-Lat","25/11/13","06:00 AM","3324","1846","5170"
"Damaged Houses","EFFECTS of TYPHOON ""YOLANDA"" (HAIYAN)","JICA / OCD","TYPHOON","Philippines","REGION VI","AKLAN","BALETE","STD-Lon","STD-Lat","25/11/13","06:00 AM","5409","993","6402"
"Damaged Houses","EFFECTS of TYPHOON ""YOLANDA"" (HAIYAN)","JICA / OCD","TYPHOON","Philippines","REGION VI","AKLAN","BANGA ","STD-Lon","STD-Lat","25/11/13","06:00 AM","4673","3608","8281"
"Damaged Houses","EFFECTS of TYPHOON ""YOLANDA"" (HAIYAN)","JICA / OCD","TYPHOON","Philippines","REGION VI","AKLAN","BATAN","STD-Lon","STD-Lat","25/11/13","06:00 AM","4046","2899","6945"
"Damaged Houses","EFFECTS of TYPHOON ""YOLANDA"" (HAIYAN)","JICA / OCD","TYPHOON","Philippines","REGION VI","AKLAN","BURUANGA","STD-Lon","STD-Lat","25/11/13","06:00 AM","282","1914","2196"
"Damaged Houses","EFFECTS of TYPHOON ""YOLANDA"" (HAIYAN)","JICA / OCD","TYPHOON","Philippines","REGION VI","AKLAN","IBAJAY","STD-Lon","STD-Lat","25/11/13","06:00 AM","671","4284","4955"
"Damaged Houses","EFFECTS of TYPHOON ""YOLANDA"" (HAIYAN)","JICA / OCD","TYPHOON","Philippines","REGION VI","AKLAN","KALIBO","STD-Lon","STD-Lat","25/11/13","06:00 AM","2628","7242","9870"
"Damaged Houses","EFFECTS of TYPHOON ""YOLANDA"" (HAIYAN)","JICA / OCD","TYPHOON","Philippines","REGION VI","AKLAN","LEZO","STD-Lon","STD-Lat","25/11/13","06:00 AM","238","2122","2360"
"Damaged Houses","EFFECTS of TYPHOON ""YOLANDA"" (HAIYAN)","JICA / OCD","TYPHOON","Philippines","REGION VI","AKLAN","LIBACAO","STD-Lon","STD-Lat","25/11/13","06:00 AM","3122","1450","4572"
"Damaged Houses","EFFECTS of TYPHOON ""YOLANDA"" (HAIYAN)","JICA / OCD","TYPHOON","Philippines","REGION VI","AKLAN","MADALAG","STD-Lon","STD-Lat","25/11/13","06:00 AM","2138","1426","3564"
"Damaged Houses","EFFECTS of TYPHOON ""YOLANDA"" (HAIYAN)","JICA / OCD","TYPHOON","Philippines","REGION VI","AKLAN","MAKATO","STD-Lon","STD-Lat","25/11/13","06:00 AM","1144","3152","4296"
"Damaged Houses","EFFECTS of TYPHOON ""YOLANDA"" (HAIYAN)","JICA / OCD","TYPHOON","Philippines","REGION VI","AKLAN","MALAY","STD-Lon","STD-Lat","25/11/13","06:00 AM","158","441","599"
"Damaged Houses","EFFECTS of TYPHOON ""YOLANDA"" (HAIYAN)","JICA / OCD","TYPHOON","Philippines","REGION VI","AKLAN","MALINAO","STD-Lon","STD-Lat","25/11/13","06:00 AM","849","3637","4486"
"Damaged Houses","EFFECTS of TYPHOON ""YOLANDA"" (HAIYAN)","JICA / OCD","TYPHOON","Philippines","REGION VI","AKLAN","NABAS","STD-Lon","STD-Lat","25/11/13","06:00 AM","418","2821","3239"
"Damaged Houses","EFFECTS of TYPHOON ""YOLANDA"" (HAIYAN)","JICA / OCD","TYPHOON","Philippines","REGION VI","AKLAN","NEW WASHINGTON","STD-Lon","STD-Lat","25/11/13","06:00 AM","3672","4086","7758"
"Damaged Houses","EFFECTS of TYPHOON ""YOLANDA"" (HAIYAN)","JICA / OCD","TYPHOON","Philippines","REGION VI","AKLAN","NUMANCIA","STD-Lon","STD-Lat","25/11/13","06:00 AM","1043","5043","6086"
"Damaged Houses","EFFECTS of TYPHOON ""YOLANDA"" (HAIYAN)","JICA / OCD","TYPHOON","Philippines","REGION VI","AKLAN","TANGALAN","STD-Lon","STD-Lat","25/11/13","06:00 AM","591","2174","2765"
"Damaged Houses","EFFECTS of TYPHOON ""YOLANDA"" (HAIYAN)","JICA / OCD","TYPHOON","Philippines","REGION VI","ANTIQUE","ANINI-Y","STD-Lon","STD-Lat","25/11/13","06:00 AM","16","237","253"
"Damaged Houses","EFFECTS of TYPHOON ""YOLANDA"" (HAIYAN)","JICA / OCD","TYPHOON","Philippines","REGION VI","ANTIQUE","BARBAZA","STD-Lon","STD-Lat","25/11/13","06:00 AM","2430","2026","4456"
"Damaged Houses","EFFECTS of TYPHOON ""YOLANDA"" (HAIYAN)","JICA / OCD","TYPHOON","Philippines","REGION VI","ANTIQUE","BELISON","STD-Lon","STD-Lat","25/11/13","06:00 AM","35","411","446"
"Damaged Houses","EFFECTS of TYPHOON ""YOLANDA"" (HAIYAN)","JICA / OCD","TYPHOON","Philippines","REGION VI","ANTIQUE","BUGASONG","STD-Lon","STD-Lat","25/11/13","06:00 AM","1002","3195","4197"
"Damaged Houses","EFFECTS of TYPHOON ""YOLANDA"" (HAIYAN)","JICA / OCD","TYPHOON","Philippines","REGION VI","ANTIQUE","CALUYA","STD-Lon","STD-Lat","25/11/13","06:00 AM","1347","2885","4232"
"Damaged Houses","EFFECTS of TYPHOON ""YOLANDA"" (HAIYAN)","JICA / OCD","TYPHOON","Philippines","REGION VI","ANTIQUE","CULASI","STD-Lon","STD-Lat","25/11/13","06:00 AM","2369","4460","6829"
"Damaged Houses","EFFECTS of TYPHOON ""YOLANDA"" (HAIYAN)","JICA / OCD","TYPHOON","Philippines","REGION VI","ANTIQUE","HAMTIC","STD-Lon","STD-Lat","25/11/13","06:00 AM","36","419","455"
"Damaged Houses","EFFECTS of TYPHOON ""YOLANDA"" (HAIYAN)","JICA / OCD","TYPHOON","Philippines","REGION VI","ANTIQUE","LAUA-AN","STD-Lon","STD-Lat","25/11/13","06:00 AM","1095","3352","4447"
"Damaged Houses","EFFECTS of TYPHOON ""YOLANDA"" (HAIYAN)","JICA / OCD","TYPHOON","Philippines","REGION VI","ANTIQUE","LIBERTAD","STD-Lon","STD-Lat","25/11/13","06:00 AM","715","1380","2095"
"Damaged Houses","EFFECTS of TYPHOON ""YOLANDA"" (HAIYAN)","JICA / OCD","TYPHOON","Philippines","REGION VI","ANTIQUE","PANDAN","STD-Lon","STD-Lat","25/11/13","06:00 AM","1122","4042","5164"
"Damaged Houses","EFFECTS of TYPHOON ""YOLANDA"" (HAIYAN)","JICA / OCD","TYPHOON","Philippines","REGION VI","ANTIQUE","PATNONGON","STD-Lon","STD-Lat","25/11/13","06:00 AM","98","2170","2268"
"Damaged Houses","EFFECTS of TYPHOON ""YOLANDA"" (HAIYAN)","JICA / OCD","TYPHOON","Philippines","REGION VI","ANTIQUE","SAN JOSE","STD-Lon","STD-Lat","25/11/13","06:00 AM","68","876","944"
"Damaged Houses","EFFECTS of TYPHOON ""YOLANDA"" (HAIYAN)","JICA / OCD","TYPHOON","Philippines","REGION VI","ANTIQUE","SAN REMEGIO","STD-Lon","STD-Lat","25/11/13","06:00 AM","187","1536","1723"
"Damaged Houses","EFFECTS of TYPHOON ""YOLANDA"" (HAIYAN)","JICA / OCD","TYPHOON","Philippines","REGION VI","ANTIQUE","SEBASTE","STD-Lon","STD-Lat","25/11/13","06:00 AM","885","1979","2864"
"Damaged Houses","EFFECTS of TYPHOON ""YOLANDA"" (HAIYAN)","JICA / OCD","TYPHOON","Philippines","REGION VI","ANTIQUE","SIBALOM","STD-Lon","STD-Lat","25/11/13","06:00 AM","85","975","1060"
"Damaged Houses","EFFECTS of TYPHOON ""YOLANDA"" (HAIYAN)","JICA / OCD","TYPHOON","Philippines","REGION VI","ANTIQUE","TIBIAO","STD-Lon","STD-Lat","25/11/13","06:00 AM","2505","2285","4790"
"Damaged Houses","EFFECTS of TYPHOON ""YOLANDA"" (HAIYAN)","JICA / OCD","TYPHOON","Philippines","REGION VI","ANTIQUE","TOBIAS FORNIER","STD-Lon","STD-Lat","25/11/13","06:00 AM","15","88","103"
"Damaged Houses","EFFECTS of TYPHOON ""YOLANDA"" (HAIYAN)","JICA / OCD","TYPHOON","Philippines","REGION VI","ANTIQUE","VALDERAMA","STD-Lon","STD-Lat","25/11/13","06:00 AM","546","1545","2091"
"Damaged Houses","EFFECTS of TYPHOON ""YOLANDA"" (HAIYAN)","JICA / OCD","TYPHOON","Philippines","REGION VI","CAPIZ","CUARTERO","STD-Lon","STD-Lat","25/11/13","06:00 AM","5611","297","5908"
"Damaged Houses","EFFECTS of TYPHOON ""YOLANDA"" (HAIYAN)","JICA / OCD","TYPHOON","Philippines","REGION VI","CAPIZ","DAO","STD-Lon","STD-Lat","25/11/13","06:00 AM","4815","2065","6880"
"Damaged Houses","EFFECTS of TYPHOON ""YOLANDA"" (HAIYAN)","JICA / OCD","TYPHOON","Philippines","REGION VI","CAPIZ","DUMALAG","STD-Lon","STD-Lat","25/11/13","06:00 AM","5486","840","6326"
"Damaged Houses","EFFECTS of TYPHOON ""YOLANDA"" (HAIYAN)","JICA / OCD","TYPHOON","Philippines","REGION VI","CAPIZ","DUMARAO","STD-Lon","STD-Lat","25/11/13","06:00 AM","5601","4305","9906"
"Damaged Houses","EFFECTS of TYPHOON ""YOLANDA"" (HAIYAN)","JICA / OCD","TYPHOON","Philippines","REGION VI","CAPIZ","IVISAN","STD-Lon","STD-Lat","25/11/13","06:00 AM","4050","1200","5250"
"Damaged Houses","EFFECTS of TYPHOON ""YOLANDA"" (HAIYAN)","JICA / OCD","TYPHOON","Philippines","REGION VI","CAPIZ","JAMINDAN","STD-Lon","STD-Lat","25/11/13","06:00 AM","6910","299","7209"
"Damaged Houses","EFFECTS of TYPHOON ""YOLANDA"" (HAIYAN)","JICA / OCD","TYPHOON","Philippines","REGION VI","CAPIZ","MAAYON","STD-Lon","STD-Lat","25/11/13","06:00 AM","4383","2923","7306"
"Damaged Houses","EFFECTS of TYPHOON ""YOLANDA"" (HAIYAN)","JICA / OCD","TYPHOON","Philippines","REGION VI","CAPIZ","MAMBUSAO","STD-Lon","STD-Lat","25/11/13","06:00 AM","4266","3444","7710"
"Damaged Houses","EFFECTS of TYPHOON ""YOLANDA"" (HAIYAN)","JICA / OCD","TYPHOON","Philippines","REGION VI","CAPIZ","PANAY","STD-Lon","STD-Lat","25/11/13","06:00 AM","6264","1240","7504"
"Damaged Houses","EFFECTS of TYPHOON ""YOLANDA"" (HAIYAN)","JICA / OCD","TYPHOON","Philippines","REGION VI","CAPIZ","PANITAN","STD-Lon","STD-Lat","25/11/13","06:00 AM","7974","0","7974"
"Damaged Houses","EFFECTS of TYPHOON ""YOLANDA"" (HAIYAN)","JICA / OCD","TYPHOON","Philippines","REGION VI","CAPIZ","PILAR","STD-Lon","STD-Lat","25/11/13","06:00 AM","4187","3521","7708"
"Damaged Houses","EFFECTS of TYPHOON ""YOLANDA"" (HAIYAN)","JICA / OCD","TYPHOON","Philippines","REGION VI","CAPIZ","PONTEVEDRA","STD-Lon","STD-Lat","25/11/13","06:00 AM","2075","565","2640"
"Damaged Houses","EFFECTS of TYPHOON ""YOLANDA"" (HAIYAN)","JICA / OCD","TYPHOON","Philippines","REGION VI","CAPIZ","PRES. ROXAS","STD-Lon","STD-Lat","25/11/13","06:00 AM","4237","662","4899"
"Damaged Houses","EFFECTS of TYPHOON ""YOLANDA"" (HAIYAN)","JICA / OCD","TYPHOON","Philippines","REGION VI","CAPIZ","ROXAS CITY","STD-Lon","STD-Lat","25/11/13","06:00 AM","13590","8056","21646"
"Damaged Houses","EFFECTS of TYPHOON ""YOLANDA"" (HAIYAN)","JICA / OCD","TYPHOON","Philippines","REGION VI","CAPIZ","SAPI-AN","STD-Lon","STD-Lat","25/11/13","06:00 AM","5023","365","5388"
"Damaged Houses","EFFECTS of TYPHOON ""YOLANDA"" (HAIYAN)","JICA / OCD","TYPHOON","Philippines","REGION VI","CAPIZ","SIGMA","STD-Lon","STD-Lat","25/11/13","06:00 AM","3818","2598","6416"
"Damaged Houses","EFFECTS of TYPHOON ""YOLANDA"" (HAIYAN)","JICA / OCD","TYPHOON","Philippines","REGION VI","CAPIZ","TAPAZ","STD-Lon","STD-Lat","25/11/13","06:00 AM","9526","2393","11919"
"Damaged Houses","EFFECTS of TYPHOON ""YOLANDA"" (HAIYAN)","JICA / OCD","TYPHOON","Philippines","REGION VI","GUIMARAS","BUENAVISTA","STD-Lon","STD-Lat","25/11/13","06:00 AM","166","49","215"
"Damaged Houses","EFFECTS of TYPHOON ""YOLANDA"" (HAIYAN)","JICA / OCD","TYPHOON","Philippines","REGION VI","GUIMARAS","JORDAN","STD-Lon","STD-Lat","25/11/13","06:00 AM","4","5","9"
"Damaged Houses","EFFECTS of TYPHOON ""YOLANDA"" (HAIYAN)","JICA / OCD","TYPHOON","Philippines","REGION VI","GUIMARAS","NUEVA VALENCIA","STD-Lon","STD-Lat","25/11/13","06:00 AM","33","5","38"
"Damaged Houses","EFFECTS of TYPHOON ""YOLANDA"" (HAIYAN)","JICA / OCD","TYPHOON","Philippines","REGION VI","GUIMARAS","SAN LORENZO","STD-Lon","STD-Lat","25/11/13","06:00 AM","24","9","33"
"Damaged Houses","EFFECTS of TYPHOON ""YOLANDA"" (HAIYAN)","JICA / OCD","TYPHOON","Philippines","REGION VI","GUIMARAS","SIBUNAG","STD-Lon","STD-Lat","25/11/13","06:00 AM","21","49","70"
"Damaged Houses","EFFECTS of TYPHOON ""YOLANDA"" (HAIYAN)","JICA / OCD","TYPHOON","Philippines","REGION VI","ILOILO","AJUY","STD-Lon","STD-Lat","25/11/13","06:00 AM","7768","1446","9214"
"Damaged Houses","EFFECTS of TYPHOON ""YOLANDA"" (HAIYAN)","JICA / OCD","TYPHOON","Philippines","REGION VI","ILOILO","ALIMODIAN","STD-Lon","STD-Lat","25/11/13","06:00 AM","20","236","256"
"Damaged Houses","EFFECTS of TYPHOON ""YOLANDA"" (HAIYAN)","JICA / OCD","TYPHOON","Philippines","REGION VI","ILOILO","ANILAO","STD-Lon","STD-Lat","25/11/13","06:00 AM","1605","2913","4518"
"Damaged Houses","EFFECTS of TYPHOON ""YOLANDA"" (HAIYAN)","JICA / OCD","TYPHOON","Philippines","REGION VI","ILOILO","BADIANGAN","STD-Lon","STD-Lat","25/11/13","06:00 AM","132","1364","1496"
"Damaged Houses","EFFECTS of TYPHOON ""YOLANDA"" (HAIYAN)","JICA / OCD","TYPHOON","Philippines","REGION VI","ILOILO","BALASAN","STD-Lon","STD-Lat","25/11/13","06:00 AM","1542","5697","7239"
"Damaged Houses","EFFECTS of TYPHOON ""YOLANDA"" (HAIYAN)","JICA / OCD","TYPHOON","Philippines","REGION VI","ILOILO","BANATE","STD-Lon","STD-Lat","25/11/13","06:00 AM","1295","3969","5264"
"Damaged Houses","EFFECTS of TYPHOON ""YOLANDA"" (HAIYAN)","JICA / OCD","TYPHOON","Philippines","REGION VI","ILOILO","BAROTAC NUEVO","STD-Lon","STD-Lat","25/11/13","06:00 AM","339","2648","2987"
"Damaged Houses","EFFECTS of TYPHOON ""YOLANDA"" (HAIYAN)","JICA / OCD","TYPHOON","Philippines","REGION VI","ILOILO","BAROTAC VIEJO","STD-Lon","STD-Lat","25/11/13","06:00 AM","1924","5362","7286"
"Damaged Houses","EFFECTS of TYPHOON ""YOLANDA"" (HAIYAN)","JICA / OCD","TYPHOON","Philippines","REGION VI","ILOILO","BATAD","STD-Lon","STD-Lat","25/11/13","06:00 AM","3162","1402","4564"
"Damaged Houses","EFFECTS of TYPHOON ""YOLANDA"" (HAIYAN)","JICA / OCD","TYPHOON","Philippines","REGION VI","ILOILO","BINGAWAN","STD-Lon","STD-Lat","25/11/13","06:00 AM","1700","1374","3074"
"Damaged Houses","EFFECTS of TYPHOON ""YOLANDA"" (HAIYAN)","JICA / OCD","TYPHOON","Philippines","REGION VI","ILOILO","CABATUAN","STD-Lon","STD-Lat","25/11/13","06:00 AM","23","452","475"
"Damaged Houses","EFFECTS of TYPHOON ""YOLANDA"" (HAIYAN)","JICA / OCD","TYPHOON","Philippines","REGION VI","ILOILO","CALINOG","STD-Lon","STD-Lat","25/11/13","06:00 AM","4059","5644","9703"
"Damaged Houses","EFFECTS of TYPHOON ""YOLANDA"" (HAIYAN)","JICA / OCD","TYPHOON","Philippines","REGION VI","ILOILO","CARLES","STD-Lon","STD-Lat","25/11/13","06:00 AM","4950","1500","6450"
"Damaged Houses","EFFECTS of TYPHOON ""YOLANDA"" (HAIYAN)","JICA / OCD","TYPHOON","Philippines","REGION VI","ILOILO","CONCEPCION","STD-Lon","STD-Lat","25/11/13","06:00 AM","5203","1375","6578"
"Damaged Houses","EFFECTS of TYPHOON ""YOLANDA"" (HAIYAN)","JICA / OCD","TYPHOON","Philippines","REGION VI","ILOILO","DINGLE","STD-Lon","STD-Lat","25/11/13","06:00 AM","1320","2451","3771"
"Damaged Houses","EFFECTS of TYPHOON ""YOLANDA"" (HAIYAN)","JICA / OCD","TYPHOON","Philippines","REGION VI","ILOILO","DUEAS","STD-Lon","STD-Lat","25/11/13","06:00 AM","881","3253","4134"
"Damaged Houses","EFFECTS of TYPHOON ""YOLANDA"" (HAIYAN)","JICA / OCD","TYPHOON","Philippines","REGION VI","ILOILO","DUMANGAS","STD-Lon","STD-Lat","25/11/13","06:00 AM","313","2602","2915"
"Damaged Houses","EFFECTS of TYPHOON ""YOLANDA"" (HAIYAN)","JICA / OCD","TYPHOON","Philippines","REGION VI","ILOILO","ESTANCIA","STD-Lon","STD-Lat","25/11/13","06:00 AM","4503","7296","11799"
"Damaged Houses","EFFECTS of TYPHOON ""YOLANDA"" (HAIYAN)","JICA / OCD","TYPHOON","Philippines","REGION VI","ILOILO","GUIMBAL","STD-Lon","STD-Lat","25/11/13","06:00 AM","20","44","64"
"Damaged Houses","EFFECTS of TYPHOON ""YOLANDA"" (HAIYAN)","JICA / OCD","TYPHOON","Philippines","REGION VI","ILOILO","IGBARAS","STD-Lon","STD-Lat","25/11/13","06:00 AM","13","204","217"
"Damaged Houses","EFFECTS of TYPHOON ""YOLANDA"" (HAIYAN)","JICA / OCD","TYPHOON","Philippines","REGION VI","ILOILO","ILOILO CITY","STD-Lon","STD-Lat","25/11/13","06:00 AM","63","132","195"
"Damaged Houses","EFFECTS of TYPHOON ""YOLANDA"" (HAIYAN)","JICA / OCD","TYPHOON","Philippines","REGION VI","ILOILO","JANIUAY","STD-Lon","STD-Lat","25/11/13","06:00 AM","587","3046","3633"
"Damaged Houses","EFFECTS of TYPHOON ""YOLANDA"" (HAIYAN)","JICA / OCD","TYPHOON","Philippines","REGION VI","ILOILO","LAMBUNAO","STD-Lon","STD-Lat","25/11/13","06:00 AM","1361","4576","5937"
"Damaged Houses","EFFECTS of TYPHOON ""YOLANDA"" (HAIYAN)","JICA / OCD","TYPHOON","Philippines","REGION VI","ILOILO","LAGANES","STD-Lon","STD-Lat","25/11/13","06:00 AM","46","394","440"
"Damaged Houses","EFFECTS of TYPHOON ""YOLANDA"" (HAIYAN)","JICA / OCD","TYPHOON","Philippines","REGION VI","ILOILO","LEMERY","STD-Lon","STD-Lat","25/11/13","06:00 AM","4385","1983","6368"
"Damaged Houses","EFFECTS of TYPHOON ""YOLANDA"" (HAIYAN)","JICA / OCD","TYPHOON","Philippines","REGION VI","ILOILO","LEON","STD-Lon","STD-Lat","25/11/13","06:00 AM","25","111","136"
"Damaged Houses","EFFECTS of TYPHOON ""YOLANDA"" (HAIYAN)","JICA / OCD","TYPHOON","Philippines","REGION VI","ILOILO","MAASIN","STD-Lon","STD-Lat","25/11/13","06:00 AM","58","347","405"
"Damaged Houses","EFFECTS of TYPHOON ""YOLANDA"" (HAIYAN)","JICA / OCD","TYPHOON","Philippines","REGION VI","ILOILO","MIAGAO","STD-Lon","STD-Lat","25/11/13","06:00 AM","0","1308","1308"
"Damaged Houses","EFFECTS of TYPHOON ""YOLANDA"" (HAIYAN)","JICA / OCD","TYPHOON","Philippines","REGION VI","ILOILO","MINA","STD-Lon","STD-Lat","25/11/13","06:00 AM","24","422","446"
"Damaged Houses","EFFECTS of TYPHOON ""YOLANDA"" (HAIYAN)","JICA / OCD","TYPHOON","Philippines","REGION VI","ILOILO","NEW LUCENA","STD-Lon","STD-Lat","25/11/13","06:00 AM","7","355","362"
"Damaged Houses","EFFECTS of TYPHOON ""YOLANDA"" (HAIYAN)","JICA / OCD","TYPHOON","Philippines","REGION VI","ILOILO","PAVIA","STD-Lon","STD-Lat","25/11/13","06:00 AM","10","1123","1133"
"Damaged Houses","EFFECTS of TYPHOON ""YOLANDA"" (HAIYAN)","JICA / OCD","TYPHOON","Philippines","REGION VI","ILOILO","POTOTAN","STD-Lon","STD-Lat","25/11/13","06:00 AM","228","2928","3156"
"Damaged Houses","EFFECTS of TYPHOON ""YOLANDA"" (HAIYAN)","JICA / OCD","TYPHOON","Philippines","REGION VI","ILOILO","SAN DIONISIO","STD-Lon","STD-Lat","25/11/13","06:00 AM","6361","1313","7674"
"Damaged Houses","EFFECTS of TYPHOON ""YOLANDA"" (HAIYAN)","JICA / OCD","TYPHOON","Philippines","REGION VI","ILOILO","SAN ENRIQUE","STD-Lon","STD-Lat","25/11/13","06:00 AM","3078","2393","5471"
"Damaged Houses","EFFECTS of TYPHOON ""YOLANDA"" (HAIYAN)","JICA / OCD","TYPHOON","Philippines","REGION VI","ILOILO","SAN JOAQUIN","STD-Lon","STD-Lat","25/11/13","06:00 AM","15","52","67"
"Damaged Houses","EFFECTS of TYPHOON ""YOLANDA"" (HAIYAN)","JICA / OCD","TYPHOON","Philippines","REGION VI","ILOILO","SAN MIGUEL","STD-Lon","STD-Lat","25/11/13","06:00 AM","7","449","456"
"Damaged Houses","EFFECTS of TYPHOON ""YOLANDA"" (HAIYAN)","JICA / OCD","TYPHOON","Philippines","REGION VI","ILOILO","SAN RAFAEL","STD-Lon","STD-Lat","25/11/13","06:00 AM","2793","307","3100"
"Damaged Houses","EFFECTS of TYPHOON ""YOLANDA"" (HAIYAN)","JICA / OCD","TYPHOON","Philippines","REGION VI","ILOILO","SARA","STD-Lon","STD-Lat","25/11/13","06:00 AM","10440","1160","11600"
"Damaged Houses","EFFECTS of TYPHOON ""YOLANDA"" (HAIYAN)","JICA / OCD","TYPHOON","Philippines","REGION VI","ILOILO","STA. BARBARA","STD-Lon","STD-Lat","25/11/13","06:00 AM","0","3","3"
"Damaged Houses","EFFECTS of TYPHOON ""YOLANDA"" (HAIYAN)","JICA / OCD","TYPHOON","Philippines","REGION VI","ILOILO","TIGBAUAN","STD-Lon","STD-Lat","25/11/13","06:00 AM","6","88","94"
"Damaged Houses","EFFECTS of TYPHOON ""YOLANDA"" (HAIYAN)","JICA / OCD","TYPHOON","Philippines","REGION VI","ILOILO","TUBUNGAN","STD-Lon","STD-Lat","25/11/13","06:00 AM","21","288","309"
"Damaged Houses","EFFECTS of TYPHOON ""YOLANDA"" (HAIYAN)","JICA / OCD","TYPHOON","Philippines","REGION VI","ILOILO","PASSI CITY","STD-Lon","STD-Lat","25/11/13","06:00 AM","4136","5249","9385"
"Damaged Houses","EFFECTS of TYPHOON ""YOLANDA"" (HAIYAN)","JICA / OCD","TYPHOON","Philippines","REGION VI","ILOILO","ZARRAGA","STD-Lon","STD-Lat","25/11/13","06:00 AM","73","0","73"
"Damaged Houses","EFFECTS of TYPHOON ""YOLANDA"" (HAIYAN)","JICA / OCD","TYPHOON","Philippines","REGION VI","NEGROS OCCIDENTAL","BINALBAGAN","STD-Lon","STD-Lat","25/11/13","06:00 AM","5","22","27"
"Damaged Houses","EFFECTS of TYPHOON ""YOLANDA"" (HAIYAN)","JICA / OCD","TYPHOON","Philippines","REGION VI","NEGROS OCCIDENTAL","CALATRAVA","STD-Lon","STD-Lat","25/11/13","06:00 AM","388","440","828"
"Damaged Houses","EFFECTS of TYPHOON ""YOLANDA"" (HAIYAN)","JICA / OCD","TYPHOON","Philippines","REGION VI","NEGROS OCCIDENTAL","CAUAYAN","STD-Lon","STD-Lat","25/11/13","06:00 AM","45","81","126"
"Damaged Houses","EFFECTS of TYPHOON ""YOLANDA"" (HAIYAN)","JICA / OCD","TYPHOON","Philippines","REGION VI","NEGROS OCCIDENTAL","E.B. MAGALONA","STD-Lon","STD-Lat","25/11/13","06:00 AM","250","2120","2370"
"Damaged Houses","EFFECTS of TYPHOON ""YOLANDA"" (HAIYAN)","JICA / OCD","TYPHOON","Philippines","REGION VI","NEGROS OCCIDENTAL","HINIGARAN","STD-Lon","STD-Lat","25/11/13","06:00 AM","21","121","142"
"Damaged Houses","EFFECTS of TYPHOON ""YOLANDA"" (HAIYAN)","JICA / OCD","TYPHOON","Philippines","REGION VI","NEGROS OCCIDENTAL","HINOBA-AN","STD-Lon","STD-Lat","25/11/13","06:00 AM","0","2","2"
"Damaged Houses","EFFECTS of TYPHOON ""YOLANDA"" (HAIYAN)","JICA / OCD","TYPHOON","Philippines","REGION VI","NEGROS OCCIDENTAL","ILOG","STD-Lon","STD-Lat","25/11/13","06:00 AM","37","87","124"
"Damaged Houses","EFFECTS of TYPHOON ""YOLANDA"" (HAIYAN)","JICA / OCD","TYPHOON","Philippines","REGION VI","NEGROS OCCIDENTAL","LA CASTELLANA","STD-Lon","STD-Lat","25/11/13","06:00 AM","9","7","16"
"Damaged Houses","EFFECTS of TYPHOON ""YOLANDA"" (HAIYAN)","JICA / OCD","TYPHOON","Philippines","REGION VI","NEGROS OCCIDENTAL","MANAPLA","STD-Lon","STD-Lat","25/11/13","06:00 AM","1264","4008","5272"
"Damaged Houses","EFFECTS of TYPHOON ""YOLANDA"" (HAIYAN)","JICA / OCD","TYPHOON","Philippines","REGION VI","NEGROS OCCIDENTAL","MURCIA","STD-Lon","STD-Lat","25/11/13","06:00 AM","26","98","124"
"Damaged Houses","EFFECTS of TYPHOON ""YOLANDA"" (HAIYAN)","JICA / OCD","TYPHOON","Philippines","REGION VI","NEGROS OCCIDENTAL","PONTEVEDRA","STD-Lon","STD-Lat","25/11/13","06:00 AM","19","94","113"
"Damaged Houses","EFFECTS of TYPHOON ""YOLANDA"" (HAIYAN)","JICA / OCD","TYPHOON","Philippines","REGION VI","NEGROS OCCIDENTAL","PULUPANDAN","STD-Lon","STD-Lat","25/11/13","06:00 AM","5","169","174"
"Damaged Houses","EFFECTS of TYPHOON ""YOLANDA"" (HAIYAN)","JICA / OCD","TYPHOON","Philippines","REGION VI","NEGROS OCCIDENTAL","SALVADOR BENEDICTO","STD-Lon","STD-Lat","25/11/13","06:00 AM","13","121","134"
"Damaged Houses","EFFECTS of TYPHOON ""YOLANDA"" (HAIYAN)","JICA / OCD","TYPHOON","Philippines","REGION VI","NEGROS OCCIDENTAL","SAN ENRIQUE","STD-Lon","STD-Lat","25/11/13","06:00 AM","4","47","51"
"Damaged Houses","EFFECTS of TYPHOON ""YOLANDA"" (HAIYAN)","JICA / OCD","TYPHOON","Philippines","REGION VI","NEGROS OCCIDENTAL","TOBOSO","STD-Lon","STD-Lat","25/11/13","06:00 AM","233","1315","1548"
"Damaged Houses","EFFECTS of TYPHOON ""YOLANDA"" (HAIYAN)","JICA / OCD","TYPHOON","Philippines","REGION VI","NEGROS OCCIDENTAL","VALLADOLID","STD-Lon","STD-Lat","25/11/13","06:00 AM","19","409","428"
"Damaged Houses","EFFECTS of TYPHOON ""YOLANDA"" (HAIYAN)","JICA / OCD","TYPHOON","Philippines","REGION VI","NEGROS OCCIDENTAL","BACOLOD CITY","STD-Lon","STD-Lat","25/11/13","06:00 AM","93","575","668"
"Damaged Houses","EFFECTS of TYPHOON ""YOLANDA"" (HAIYAN)","JICA / OCD","TYPHOON","Philippines","REGION VI","NEGROS OCCIDENTAL","BAGO CITY","STD-Lon","STD-Lat","25/11/13","06:00 AM","13","18","31"
"Damaged Houses","EFFECTS of TYPHOON ""YOLANDA"" (HAIYAN)","JICA / OCD","TYPHOON","Philippines","REGION VI","NEGROS OCCIDENTAL","CADIZ CITY","STD-Lon","STD-Lat","25/11/13","06:00 AM","5636","18924","24560"
"Damaged Houses","EFFECTS of TYPHOON ""YOLANDA"" (HAIYAN)","JICA / OCD","TYPHOON","Philippines","REGION VI","NEGROS OCCIDENTAL","ESCALANTE CITY","STD-Lon","STD-Lat","25/11/13","06:00 AM","150","2073","2223"
"Damaged Houses","EFFECTS of TYPHOON ""YOLANDA"" (HAIYAN)","JICA / OCD","TYPHOON","Philippines","REGION VI","NEGROS OCCIDENTAL","LA CARLOTA","STD-Lon","STD-Lat","25/11/13","06:00 AM","4","65","69"
"Damaged Houses","EFFECTS of TYPHOON ""YOLANDA"" (HAIYAN)","JICA / OCD","TYPHOON","Philippines","REGION VI","NEGROS OCCIDENTAL","SAGAY CITY","STD-Lon","STD-Lat","25/11/13","06:00 AM","2883","9058","11941"
"Damaged Houses","EFFECTS of TYPHOON ""YOLANDA"" (HAIYAN)","JICA / OCD","TYPHOON","Philippines","REGION VI","NEGROS OCCIDENTAL","SAN CARLOS CITY","STD-Lon","STD-Lat","25/11/13","06:00 AM","73","214","287"
"Damaged Houses","EFFECTS of TYPHOON ""YOLANDA"" (HAIYAN)","JICA / OCD","TYPHOON","Philippines","REGION VI","NEGROS OCCIDENTAL","SILAY CITY","STD-Lon","STD-Lat","25/11/13","06:00 AM","130","1315","1445"
"Damaged Houses","EFFECTS of TYPHOON ""YOLANDA"" (HAIYAN)","JICA / OCD","TYPHOON","Philippines","REGION VI","NEGROS OCCIDENTAL","SIPALAY CITY","STD-Lon","STD-Lat","25/11/13","06:00 AM","5","8","13"
"Damaged Houses","EFFECTS of TYPHOON ""YOLANDA"" (HAIYAN)","JICA / OCD","TYPHOON","Philippines","REGION VI","NEGROS OCCIDENTAL","TALISAY CITY","STD-Lon","STD-Lat","25/11/13","06:00 AM","51","399","450"
"Damaged Houses","EFFECTS of TYPHOON ""YOLANDA"" (HAIYAN)","JICA / OCD","TYPHOON","Philippines","REGION VI","NEGROS OCCIDENTAL","VICTORIAS CITY","STD-Lon","STD-Lat","25/11/13","06:00 AM","638","4370","5008"
"Damaged Houses","EFFECTS of TYPHOON ""YOLANDA"" (HAIYAN)","JICA / OCD","TYPHOON","Philippines","REGION VII","BOHOL","BUENAVISTA","STD-Lon","STD-Lat","25/11/13","06:00 AM","1","1","2"
"Damaged Houses","EFFECTS of TYPHOON ""YOLANDA"" (HAIYAN)","JICA / OCD","TYPHOON","Philippines","REGION VII","BOHOL","INABANGA","STD-Lon","STD-Lat","25/11/13","06:00 AM","30","0","30"
"Damaged Houses","EFFECTS of TYPHOON ""YOLANDA"" (HAIYAN)","JICA / OCD","TYPHOON","Philippines","REGION VII","BOHOL","PRES. CP GARCIA","STD-Lon","STD-Lat","25/11/13","06:00 AM","0","28","28"
"Damaged Houses","EFFECTS of TYPHOON ""YOLANDA"" (HAIYAN)","JICA / OCD","TYPHOON","Philippines","REGION VII","BOHOL","UBAY","STD-Lon","STD-Lat","25/11/13","06:00 AM","3","0","3"
"Damaged Houses","EFFECTS of TYPHOON ""YOLANDA"" (HAIYAN)","JICA / OCD","TYPHOON","Philippines","REGION VII","BOHOL","CARMEN","STD-Lon","STD-Lat","25/11/13","06:00 AM","37","195","232"
"Damaged Houses","EFFECTS of TYPHOON ""YOLANDA"" (HAIYAN)","JICA / OCD","TYPHOON","Philippines","REGION VII","CEBU","ASTURIAS","STD-Lon","STD-Lat","25/11/13","06:00 AM","23","84","107"
"Damaged Houses","EFFECTS of TYPHOON ""YOLANDA"" (HAIYAN)","JICA / OCD","TYPHOON","Philippines","REGION VII","CEBU","BANTAYAN","STD-Lon","STD-Lat","25/11/13","06:00 AM","7626","2635","10261"
"Damaged Houses","EFFECTS of TYPHOON ""YOLANDA"" (HAIYAN)","JICA / OCD","TYPHOON","Philippines","REGION VII","CEBU","CARMEN","STD-Lon","STD-Lat","25/11/13","06:00 AM","37","195","232"
"Damaged Houses","EFFECTS of TYPHOON ""YOLANDA"" (HAIYAN)","JICA / OCD","TYPHOON","Philippines","REGION VII","CEBU","CATMON","STD-Lon","STD-Lat","25/11/13","06:00 AM","106","999","1105"
"Damaged Houses","EFFECTS of TYPHOON ""YOLANDA"" (HAIYAN)","JICA / OCD","TYPHOON","Philippines","REGION VII","CEBU","COMPOSTELLA","STD-Lon","STD-Lat","25/11/13","06:00 AM","25","376","401"
"Damaged Houses","EFFECTS of TYPHOON ""YOLANDA"" (HAIYAN)","JICA / OCD","TYPHOON","Philippines","REGION VII","CEBU","DAANBANTAYAN","STD-Lon","STD-Lat","25/11/13","06:00 AM","15660","622","16282"
"Damaged Houses","EFFECTS of TYPHOON ""YOLANDA"" (HAIYAN)","JICA / OCD","TYPHOON","Philippines","REGION VII","CEBU","GINATILAN","STD-Lon","STD-Lat","25/11/13","06:00 AM","5","0","5"
"Damaged Houses","EFFECTS of TYPHOON ""YOLANDA"" (HAIYAN)","JICA / OCD","TYPHOON","Philippines","REGION VII","CEBU","MADRIDEJOS","STD-Lon","STD-Lat","25/11/13","06:00 AM","503","2193","2696"
"Damaged Houses","EFFECTS of TYPHOON ""YOLANDA"" (HAIYAN)","JICA / OCD","TYPHOON","Philippines","REGION VII","CEBU","MEDELLIN","STD-Lon","STD-Lat","25/11/13","06:00 AM","10445","0","10445"
"Damaged Houses","EFFECTS of TYPHOON ""YOLANDA"" (HAIYAN)","JICA / OCD","TYPHOON","Philippines","REGION VII","CEBU","PILAR","STD-Lon","STD-Lat","25/11/13","06:00 AM","1032","2222","3254"
"Damaged Houses","EFFECTS of TYPHOON ""YOLANDA"" (HAIYAN)","JICA / OCD","TYPHOON","Philippines","REGION VII","CEBU","PORO","STD-Lon","STD-Lat","25/11/13","06:00 AM","653","3385","4038"
"Damaged Houses","EFFECTS of TYPHOON ""YOLANDA"" (HAIYAN)","JICA / OCD","TYPHOON","Philippines","REGION VII","CEBU","SAN FRANCISCO","STD-Lon","STD-Lat","25/11/13","06:00 AM","971","5467","6438"
"Damaged Houses","EFFECTS of TYPHOON ""YOLANDA"" (HAIYAN)","JICA / OCD","TYPHOON","Philippines","REGION VII","CEBU","SAN REMEGIO","STD-Lon","STD-Lat","25/11/13","06:00 AM","2980","1255","4235"
"Damaged Houses","EFFECTS of TYPHOON ""YOLANDA"" (HAIYAN)","JICA / OCD","TYPHOON","Philippines","REGION VII","CEBU","SIBONGA","STD-Lon","STD-Lat","25/11/13","06:00 AM","2","5","7"
"Damaged Houses","EFFECTS of TYPHOON ""YOLANDA"" (HAIYAN)","JICA / OCD","TYPHOON","Philippines","REGION VII","CEBU","SOGOD","STD-Lon","STD-Lat","25/11/13","06:00 AM","449","2505","2954"
"Damaged Houses","EFFECTS of TYPHOON ""YOLANDA"" (HAIYAN)","JICA / OCD","TYPHOON","Philippines","REGION VII","CEBU","TABOGON","STD-Lon","STD-Lat","25/11/13","06:00 AM","1499","579","2078"
"Damaged Houses","EFFECTS of TYPHOON ""YOLANDA"" (HAIYAN)","JICA / OCD","TYPHOON","Philippines","REGION VII","CEBU","TUBUELAN","STD-Lon","STD-Lat","25/11/13","06:00 AM","2215","2631","4846"
"Damaged Houses","EFFECTS of TYPHOON ""YOLANDA"" (HAIYAN)","JICA / OCD","TYPHOON","Philippines","REGION VII","CEBU","TUBURAN","STD-Lon","STD-Lat","25/11/13","06:00 AM","608","4470","5078"
"Damaged Houses","EFFECTS of TYPHOON ""YOLANDA"" (HAIYAN)","JICA / OCD","TYPHOON","Philippines","REGION VII","CEBU","TUDELA","STD-Lon","STD-Lat","25/11/13","06:00 AM","248","1369","1617"
"Damaged Houses","EFFECTS of TYPHOON ""YOLANDA"" (HAIYAN)","JICA / OCD","TYPHOON","Philippines","REGION VII","CEBU","BOGO CITY","STD-Lon","STD-Lat","25/11/13","06:00 AM","3525","2512","6037"
"Damaged Houses","EFFECTS of TYPHOON ""YOLANDA"" (HAIYAN)","JICA / OCD","TYPHOON","Philippines","REGION VII","CEBU","CEBU CITY","STD-Lon","STD-Lat","25/11/13","06:00 AM","15824","2473","18297"
"Damaged Houses","EFFECTS of TYPHOON ""YOLANDA"" (HAIYAN)","JICA / OCD","TYPHOON","Philippines","REGION VII","CEBU","TALISAY CITY","STD-Lon","STD-Lat","25/11/13","06:00 AM","48","1023","1071"
"Damaged Houses","EFFECTS of TYPHOON ""YOLANDA"" (HAIYAN)","JICA / OCD","TYPHOON","Philippines","REGION VII","NEGROS ORIENTAL","AYUNGON","STD-Lon","STD-Lat","25/11/13","06:00 AM","0","3","3"
"Damaged Houses","EFFECTS of TYPHOON ""YOLANDA"" (HAIYAN)","JICA / OCD","TYPHOON","Philippines","REGION VII","NEGROS ORIENTAL","JIMALALUD","STD-Lon","STD-Lat","25/11/13","06:00 AM","9","0","9"
"Damaged Houses","EFFECTS of TYPHOON ""YOLANDA"" (HAIYAN)","JICA / OCD","TYPHOON","Philippines","REGION VII","NEGROS ORIENTAL","VILLAHERMOSO","STD-Lon","STD-Lat","25/11/13","06:00 AM","28","27","55"
"Damaged Houses","EFFECTS of TYPHOON ""YOLANDA"" (HAIYAN)","JICA / OCD","TYPHOON","Philippines","REGION VII","NEGROS ORIENTAL","GUIHULNGAN CITY","STD-Lon","STD-Lat","25/11/13","06:00 AM","16","32","48"
"Damaged Houses","EFFECTS of TYPHOON ""YOLANDA"" (HAIYAN)","JICA / OCD","TYPHOON","Philippines","REGION VII","NEGROS ORIENTAL","BAIS CITY","STD-Lon","STD-Lat","25/11/13","06:00 AM","0","2","2"
"Damaged Houses","EFFECTS of TYPHOON ""YOLANDA"" (HAIYAN)","JICA / OCD","TYPHOON","Philippines","REGION VIII","LEYTE *","ABUYOG","STD-Lon","STD-Lat","25/11/13","06:00 AM","4270","7889","12159"
"Damaged Houses","EFFECTS of TYPHOON ""YOLANDA"" (HAIYAN)","JICA / OCD","TYPHOON","Philippines","REGION VIII","LEYTE *","ALANGALANG","STD-Lon","STD-Lat","25/11/13","06:00 AM","5925","3950","9875"
"Damaged Houses","EFFECTS of TYPHOON ""YOLANDA"" (HAIYAN)","JICA / OCD","TYPHOON","Philippines","REGION VIII","LEYTE *","ALBUERA","STD-Lon","STD-Lat","25/11/13","06:00 AM","3800","4828","8628"
"Damaged Houses","EFFECTS of TYPHOON ""YOLANDA"" (HAIYAN)","JICA / OCD","TYPHOON","Philippines","REGION VIII","LEYTE *","BABATNGON","STD-Lon","STD-Lat","25/11/13","06:00 AM","3145","2296","5441"
"Damaged Houses","EFFECTS of TYPHOON ""YOLANDA"" (HAIYAN)","JICA / OCD","TYPHOON","Philippines","REGION VIII","LEYTE *","BARUGO","STD-Lon","STD-Lat","25/11/13","06:00 AM","3825","2578","6403"
"Damaged Houses","EFFECTS of TYPHOON ""YOLANDA"" (HAIYAN)","JICA / OCD","TYPHOON","Philippines","REGION VIII","LEYTE *","BATO","STD-Lon","STD-Lat","25/11/13","06:00 AM","4229","3348","7577"
"Damaged Houses","EFFECTS of TYPHOON ""YOLANDA"" (HAIYAN)","JICA / OCD","TYPHOON","Philippines","REGION VIII","LEYTE *","BURAUEN","STD-Lon","STD-Lat","25/11/13","06:00 AM","10394","0","10394"
"Damaged Houses","EFFECTS of TYPHOON ""YOLANDA"" (HAIYAN)","JICA / OCD","TYPHOON","Philippines","REGION VIII","LEYTE *","CALUBIAN","STD-Lon","STD-Lat","25/11/13","06:00 AM","2283","2447","4730"
"Damaged Houses","EFFECTS of TYPHOON ""YOLANDA"" (HAIYAN)","JICA / OCD","TYPHOON","Philippines","REGION VIII","LEYTE *","CAPOOCAN","STD-Lon","STD-Lat","25/11/13","06:00 AM","6336","12","6348"
"Damaged Houses","EFFECTS of TYPHOON ""YOLANDA"" (HAIYAN)","JICA / OCD","TYPHOON","Philippines","REGION VIII","LEYTE *","CARIGARA","STD-Lon","STD-Lat","25/11/13","06:00 AM","3966","5824","9790"
"Damaged Houses","EFFECTS of TYPHOON ""YOLANDA"" (HAIYAN)","JICA / OCD","TYPHOON","Philippines","REGION VIII","LEYTE *","DAGAMI","STD-Lon","STD-Lat","25/11/13","06:00 AM","6700","0","6700"
"Damaged Houses","EFFECTS of TYPHOON ""YOLANDA"" (HAIYAN)","JICA / OCD","TYPHOON","Philippines","REGION VIII","LEYTE *","DULAG","STD-Lon","STD-Lat","25/11/13","06:00 AM","8104","780","8884"
"Damaged Houses","EFFECTS of TYPHOON ""YOLANDA"" (HAIYAN)","JICA / OCD","TYPHOON","Philippines","REGION VIII","LEYTE *","HILONGOS","STD-Lon","STD-Lat","25/11/13","06:00 AM","5688","6398","12086"
"Damaged Houses","EFFECTS of TYPHOON ""YOLANDA"" (HAIYAN)","JICA / OCD","TYPHOON","Philippines","REGION VIII","LEYTE *","HINDANG","STD-Lon","STD-Lat","25/11/13","06:00 AM","1819","2474","4293"
"Damaged Houses","EFFECTS of TYPHOON ""YOLANDA"" (HAIYAN)","JICA / OCD","TYPHOON","Philippines","REGION VIII","LEYTE *","INOPACAN","STD-Lon","STD-Lat","25/11/13","06:00 AM","1518","2717","4235"
"Damaged Houses","EFFECTS of TYPHOON ""YOLANDA"" (HAIYAN)","JICA / OCD","TYPHOON","Philippines","REGION VIII","LEYTE *","ISABEL","STD-Lon","STD-Lat","25/11/13","06:00 AM","2371","6904","9275"
"Damaged Houses","EFFECTS of TYPHOON ""YOLANDA"" (HAIYAN)","JICA / OCD","TYPHOON","Philippines","REGION VIII","LEYTE *","JARO","STD-Lon","STD-Lat","25/11/13","06:00 AM","7020","372","7392"
"Damaged Houses","EFFECTS of TYPHOON ""YOLANDA"" (HAIYAN)","JICA / OCD","TYPHOON","Philippines","REGION VIII","LEYTE *","JAVIER (BUGHO)","STD-Lon","STD-Lat","25/11/13","06:00 AM","2661","2419","5080"
"Damaged Houses","EFFECTS of TYPHOON ""YOLANDA"" (HAIYAN)","JICA / OCD","TYPHOON","Philippines","REGION VIII","LEYTE *","JULITA","STD-Lon","STD-Lat","25/11/13","06:00 AM","1731","1100","2831"
"Damaged Houses","EFFECTS of TYPHOON ""YOLANDA"" (HAIYAN)","JICA / OCD","TYPHOON","Philippines","REGION VIII","LEYTE *","KANANGA","STD-Lon","STD-Lat","25/11/13","06:00 AM","10219","0","10219"
"Damaged Houses","EFFECTS of TYPHOON ""YOLANDA"" (HAIYAN)","JICA / OCD","TYPHOON","Philippines","REGION VIII","LEYTE *","LA PAZ","STD-Lon","STD-Lat","25/11/13","06:00 AM","2343","1728","4071"
"Damaged Houses","EFFECTS of TYPHOON ""YOLANDA"" (HAIYAN)","JICA / OCD","TYPHOON","Philippines","REGION VIII","LEYTE *","LEYTE","STD-Lon","STD-Lat","25/11/13","06:00 AM","2389","5591","7980"
"Damaged Houses","EFFECTS of TYPHOON ""YOLANDA"" (HAIYAN)","JICA / OCD","TYPHOON","Philippines","REGION VIII","LEYTE *","MACARTHUR","STD-Lon","STD-Lat","25/11/13","06:00 AM","3741","243","3984"
"Damaged Houses","EFFECTS of TYPHOON ""YOLANDA"" (HAIYAN)","JICA / OCD","TYPHOON","Philippines","REGION VIII","LEYTE *","MAHAPLAG","STD-Lon","STD-Lat","25/11/13","06:00 AM","250","2006","2256"
"Damaged Houses","EFFECTS of TYPHOON ""YOLANDA"" (HAIYAN)","JICA / OCD","TYPHOON","Philippines","REGION VIII","LEYTE *","MATAG-OB","STD-Lon","STD-Lat","25/11/13","06:00 AM","1915","1721","3636"
"Damaged Houses","EFFECTS of TYPHOON ""YOLANDA"" (HAIYAN)","JICA / OCD","TYPHOON","Philippines","REGION VIII","LEYTE *","MATALOM","STD-Lon","STD-Lat","25/11/13","06:00 AM","3335","3281","6616"
"Damaged Houses","EFFECTS of TYPHOON ""YOLANDA"" (HAIYAN)","JICA / OCD","TYPHOON","Philippines","REGION VIII","LEYTE *","MAYORGA","STD-Lon","STD-Lat","25/11/13","06:00 AM","3063","63","3126"
"Damaged Houses","EFFECTS of TYPHOON ""YOLANDA"" (HAIYAN)","JICA / OCD","TYPHOON","Philippines","REGION VIII","LEYTE *","MERIDA","STD-Lon","STD-Lat","25/11/13","06:00 AM","2371","3421","5792"
"Damaged Houses","EFFECTS of TYPHOON ""YOLANDA"" (HAIYAN)","JICA / OCD","TYPHOON","Philippines","REGION VIII","LEYTE *","PALO","STD-Lon","STD-Lat","25/11/13","06:00 AM","12561","0","12561"
"Damaged Houses","EFFECTS of TYPHOON ""YOLANDA"" (HAIYAN)","JICA / OCD","TYPHOON","Philippines","REGION VIII","LEYTE *","PALOMPON","STD-Lon","STD-Lat","25/11/13","06:00 AM","3356","8168","11524"
"Damaged Houses","EFFECTS of TYPHOON ""YOLANDA"" (HAIYAN)","JICA / OCD","TYPHOON","Philippines","REGION VIII","LEYTE *","PASTRANA","STD-Lon","STD-Lat","25/11/13","06:00 AM","2400","1142","3542"
"Damaged Houses","EFFECTS of TYPHOON ""YOLANDA"" (HAIYAN)","JICA / OCD","TYPHOON","Philippines","REGION VIII","LEYTE *","SAN ISIDRO","STD-Lon","STD-Lat","25/11/13","06:00 AM","2960","2003","4963"
"Damaged Houses","EFFECTS of TYPHOON ""YOLANDA"" (HAIYAN)","JICA / OCD","TYPHOON","Philippines","REGION VIII","LEYTE *","SAN MIGUEL","STD-Lon","STD-Lat","25/11/13","06:00 AM","2460","1276","3736"
"Damaged Houses","EFFECTS of TYPHOON ""YOLANDA"" (HAIYAN)","JICA / OCD","TYPHOON","Philippines","REGION VIII","LEYTE *","SANTA FE","STD-Lon","STD-Lat","25/11/13","06:00 AM","2398","1310","3708"
"Damaged Houses","EFFECTS of TYPHOON ""YOLANDA"" (HAIYAN)","JICA / OCD","TYPHOON","Philippines","REGION VIII","LEYTE *","TABANGO","STD-Lon","STD-Lat","25/11/13","06:00 AM","4325","2469","6794"
"Damaged Houses","EFFECTS of TYPHOON ""YOLANDA"" (HAIYAN)","JICA / OCD","TYPHOON","Philippines","REGION VIII","LEYTE *","TABON-TABON","STD-Lon","STD-Lat","25/11/13","06:00 AM","1291","802","2093"
"Damaged Houses","EFFECTS of TYPHOON ""YOLANDA"" (HAIYAN)","JICA / OCD","TYPHOON","Philippines","REGION VIII","LEYTE *","TANAUAN","STD-Lon","STD-Lat","25/11/13","06:00 AM","4490","6174","10664"
"Damaged Houses","EFFECTS of TYPHOON ""YOLANDA"" (HAIYAN)","JICA / OCD","TYPHOON","Philippines","REGION VIII","LEYTE *","TOLOSA","STD-Lon","STD-Lat","25/11/13","06:00 AM","1436","2377","3813"
"Damaged Houses","EFFECTS of TYPHOON ""YOLANDA"" (HAIYAN)","JICA / OCD","TYPHOON","Philippines","REGION VIII","LEYTE *","TUNGA","STD-Lon","STD-Lat","25/11/13","06:00 AM","1247","139","1386"
"Damaged Houses","EFFECTS of TYPHOON ""YOLANDA"" (HAIYAN)","JICA / OCD","TYPHOON","Philippines","REGION VIII","LEYTE *","VILLABA","STD-Lon","STD-Lat","25/11/13","06:00 AM","4840","3419","8259"
"Damaged Houses","EFFECTS of TYPHOON ""YOLANDA"" (HAIYAN)","JICA / OCD","TYPHOON","Philippines","REGION VIII","LEYTE *","BAYBAY CITY","STD-Lon","STD-Lat","25/11/13","06:00 AM","6215","15666","21881"
"Damaged Houses","EFFECTS of TYPHOON ""YOLANDA"" (HAIYAN)","JICA / OCD","TYPHOON","Philippines","REGION VIII","LEYTE *","ORMOC CITY","STD-Lon","STD-Lat","25/11/13","06:00 AM","11041","29640","40681"
"Damaged Houses","EFFECTS of TYPHOON ""YOLANDA"" (HAIYAN)","JICA / OCD","TYPHOON","Philippines","REGION VIII","LEYTE *","TACLOBAN CITY","STD-Lon","STD-Lat","25/11/13","06:00 AM","12270","46553","58823"
"Damaged Houses","EFFECTS of TYPHOON ""YOLANDA"" (HAIYAN)","JICA / OCD","TYPHOON","Philippines","REGION VIII","BILIRAN *","ALMERIA","STD-Lon","STD-Lat","25/11/13","06:00 AM","422","1186","1608"
"Damaged Houses","EFFECTS of TYPHOON ""YOLANDA"" (HAIYAN)","JICA / OCD","TYPHOON","Philippines","REGION VIII","BILIRAN *","BILIRAN","STD-Lon","STD-Lat","25/11/13","06:00 AM","1261","2226","3487"
"Damaged Houses","EFFECTS of TYPHOON ""YOLANDA"" (HAIYAN)","JICA / OCD","TYPHOON","Philippines","REGION VIII","BILIRAN *","CABUCGAYAN","STD-Lon","STD-Lat","25/11/13","06:00 AM","1177","2898","4075"
"Damaged Houses","EFFECTS of TYPHOON ""YOLANDA"" (HAIYAN)","JICA / OCD","TYPHOON","Philippines","REGION VIII","BILIRAN *","CAIBIRAN","STD-Lon","STD-Lat","25/11/13","06:00 AM","392","1039","1431"
"Damaged Houses","EFFECTS of TYPHOON ""YOLANDA"" (HAIYAN)","JICA / OCD","TYPHOON","Philippines","REGION VIII","BILIRAN *","CULABA","STD-Lon","STD-Lat","25/11/13","06:00 AM","107","795","902"
"Damaged Houses","EFFECTS of TYPHOON ""YOLANDA"" (HAIYAN)","JICA / OCD","TYPHOON","Philippines","REGION VIII","BILIRAN *","KAWAYAN","STD-Lon","STD-Lat","25/11/13","06:00 AM","215","3839","4054"
"Damaged Houses","EFFECTS of TYPHOON ""YOLANDA"" (HAIYAN)","JICA / OCD","TYPHOON","Philippines","REGION VIII","BILIRAN *","MARIPIPI","STD-Lon","STD-Lat","25/11/13","06:00 AM","62","706","768"
"Damaged Houses","EFFECTS of TYPHOON ""YOLANDA"" (HAIYAN)","JICA / OCD","TYPHOON","Philippines","REGION VIII","BILIRAN *","NAVAL","STD-Lon","STD-Lat","25/11/13","06:00 AM","1658","4957","6615"
"Damaged Houses","EFFECTS of TYPHOON ""YOLANDA"" (HAIYAN)","JICA / OCD","TYPHOON","Philippines","REGION VIII","EASTERN SAMAR","ARTECHE","STD-Lon","STD-Lat","25/11/13","06:00 AM","2246","980","3226"
"Damaged Houses","EFFECTS of TYPHOON ""YOLANDA"" (HAIYAN)","JICA / OCD","TYPHOON","Philippines","REGION VIII","EASTERN SAMAR","BALANGIGA","STD-Lon","STD-Lat","25/11/13","06:00 AM","2714","0","2714"
"Damaged Houses","EFFECTS of TYPHOON ""YOLANDA"" (HAIYAN)","JICA / OCD","TYPHOON","Philippines","REGION VIII","EASTERN SAMAR","BALANGKAYAN","STD-Lon","STD-Lat","25/11/13","06:00 AM","1100","825","1925"
"Damaged Houses","EFFECTS of TYPHOON ""YOLANDA"" (HAIYAN)","JICA / OCD","TYPHOON","Philippines","REGION VIII","EASTERN SAMAR","BORANGAN CITY","STD-Lon","STD-Lat","25/11/13","06:00 AM","4376","9338","13714"
"Damaged Houses","EFFECTS of TYPHOON ""YOLANDA"" (HAIYAN)","JICA / OCD","TYPHOON","Philippines","REGION VIII","EASTERN SAMAR","CAN-AVID","STD-Lon","STD-Lat","25/11/13","06:00 AM","2406","1804","4210"
"Damaged Houses","EFFECTS of TYPHOON ""YOLANDA"" (HAIYAN)","JICA / OCD","TYPHOON","Philippines","REGION VIII","EASTERN SAMAR","DOLORES","STD-Lon","STD-Lat","25/11/13","06:00 AM","5073","2993","8066"
"Damaged Houses","EFFECTS of TYPHOON ""YOLANDA"" (HAIYAN)","JICA / OCD","TYPHOON","Philippines","REGION VIII","EASTERN SAMAR","GENERAL MCARTHUR","STD-Lon","STD-Lat","25/11/13","06:00 AM","1529","1070","2599"
"Damaged Houses","EFFECTS of TYPHOON ""YOLANDA"" (HAIYAN)","JICA / OCD","TYPHOON","Philippines","REGION VIII","EASTERN SAMAR","GIPORLOS","STD-Lon","STD-Lat","25/11/13","06:00 AM","2562","0","2562"
"Damaged Houses","EFFECTS of TYPHOON ""YOLANDA"" (HAIYAN)","JICA / OCD","TYPHOON","Philippines","REGION VIII","EASTERN SAMAR","GUIUAN","STD-Lon","STD-Lat","25/11/13","06:00 AM","4894","5114","10008"
"Damaged Houses","EFFECTS of TYPHOON ""YOLANDA"" (HAIYAN)","JICA / OCD","TYPHOON","Philippines","REGION VIII","EASTERN SAMAR","HERNANI","STD-Lon","STD-Lat","25/11/13","06:00 AM","1367","189","1556"
"Damaged Houses","EFFECTS of TYPHOON ""YOLANDA"" (HAIYAN)","JICA / OCD","TYPHOON","Philippines","REGION VIII","EASTERN SAMAR","JIPAPAD","STD-Lon","STD-Lat","25/11/13","06:00 AM","1230","344","1574"
"Damaged Houses","EFFECTS of TYPHOON ""YOLANDA"" (HAIYAN)","JICA / OCD","TYPHOON","Philippines","REGION VIII","EASTERN SAMAR","LAWAAN","STD-Lon","STD-Lat","25/11/13","06:00 AM","2471","0","2471"
"Damaged Houses","EFFECTS of TYPHOON ""YOLANDA"" (HAIYAN)","JICA / OCD","TYPHOON","Philippines","REGION VIII","EASTERN SAMAR","LLORENTE","STD-Lon","STD-Lat","25/11/13","06:00 AM","2348","1716","4064"
"Damaged Houses","EFFECTS of TYPHOON ""YOLANDA"" (HAIYAN)","JICA / OCD","TYPHOON","Philippines","REGION VIII","EASTERN SAMAR","MASLOG","STD-Lon","STD-Lat","25/11/13","06:00 AM","763","254","1017"
"Damaged Houses","EFFECTS of TYPHOON ""YOLANDA"" (HAIYAN)","JICA / OCD","TYPHOON","Philippines","REGION VIII","EASTERN SAMAR","MAYDOLONG","STD-Lon","STD-Lat","25/11/13","06:00 AM","1314","1583","2897"
"Damaged Houses","EFFECTS of TYPHOON ""YOLANDA"" (HAIYAN)","JICA / OCD","TYPHOON","Philippines","REGION VIII","EASTERN SAMAR","MERCEDES","STD-Lon","STD-Lat","25/11/13","06:00 AM","603","539","1142"
"Damaged Houses","EFFECTS of TYPHOON ""YOLANDA"" (HAIYAN)","JICA / OCD","TYPHOON","Philippines","REGION VIII","EASTERN SAMAR","ORAS","STD-Lon","STD-Lat","25/11/13","06:00 AM","4356","3040","7396"
"Damaged Houses","EFFECTS of TYPHOON ""YOLANDA"" (HAIYAN)","JICA / OCD","TYPHOON","Philippines","REGION VIII","EASTERN SAMAR","QUINAPONDAN","STD-Lon","STD-Lat","25/11/13","06:00 AM","975","582","1557"
"Damaged Houses","EFFECTS of TYPHOON ""YOLANDA"" (HAIYAN)","JICA / OCD","TYPHOON","Philippines","REGION VIII","EASTERN SAMAR","SALCEDO","STD-Lon","STD-Lat","25/11/13","06:00 AM","2159","2090","4249"
"Damaged Houses","EFFECTS of TYPHOON ""YOLANDA"" (HAIYAN)","JICA / OCD","TYPHOON","Philippines","REGION VIII","EASTERN SAMAR","SAN JULIAN","STD-Lon","STD-Lat","25/11/13","06:00 AM","267","1074","1341"
"Damaged Houses","EFFECTS of TYPHOON ""YOLANDA"" (HAIYAN)","JICA / OCD","TYPHOON","Philippines","REGION VIII","EASTERN SAMAR","SAN POLICARPIO","STD-Lon","STD-Lat","25/11/13","06:00 AM","1801","1143","2944"
"Damaged Houses","EFFECTS of TYPHOON ""YOLANDA"" (HAIYAN)","JICA / OCD","TYPHOON","Philippines","REGION VIII","EASTERN SAMAR","SULAT","STD-Lon","STD-Lat","25/11/13","06:00 AM","1496","1735","3231"
"Damaged Houses","EFFECTS of TYPHOON ""YOLANDA"" (HAIYAN)","JICA / OCD","TYPHOON","Philippines","REGION VIII","EASTERN SAMAR","TAFT","STD-Lon","STD-Lat","25/11/13","06:00 AM","2010","1646","3656"
"Damaged Houses","EFFECTS of TYPHOON ""YOLANDA"" (HAIYAN)","JICA / OCD","TYPHOON","Philippines","REGION VIII","WESTERN SAMAR","ALMAGRO","STD-Lon","STD-Lat","25/11/13","06:00 AM","150","1019","1169"
"Damaged Houses","EFFECTS of TYPHOON ""YOLANDA"" (HAIYAN)","JICA / OCD","TYPHOON","Philippines","REGION VIII","WESTERN SAMAR","MATUGUINAO","STD-Lon","STD-Lat","25/11/13","06:00 AM","2","32","34"
"Damaged Houses","EFFECTS of TYPHOON ""YOLANDA"" (HAIYAN)","JICA / OCD","TYPHOON","Philippines","REGION VIII","WESTERN SAMAR","PINABACDAO","STD-Lon","STD-Lat","25/11/13","06:00 AM","465","668","1133"
"Damaged Houses","EFFECTS of TYPHOON ""YOLANDA"" (HAIYAN)","JICA / OCD","TYPHOON","Philippines","REGION VIII","WESTERN SAMAR","SANTO NIO","STD-Lon","STD-Lat","25/11/13","06:00 AM","56","87","143"
"Damaged Houses","EFFECTS of TYPHOON ""YOLANDA"" (HAIYAN)","JICA / OCD","TYPHOON","Philippines","REGION VIII","WESTERN SAMAR","STA. RITA","STD-Lon","STD-Lat","25/11/13","06:00 AM","1155","3002","4157"
"Damaged Houses","EFFECTS of TYPHOON ""YOLANDA"" (HAIYAN)","JICA / OCD","TYPHOON","Philippines","REGION VIII","WESTERN SAMAR","TALALORA","STD-Lon","STD-Lat","25/11/13","06:00 AM","248","1314","1562"
"Damaged Houses","EFFECTS of TYPHOON ""YOLANDA"" (HAIYAN)","JICA / OCD","TYPHOON","Philippines","REGION VIII","WESTERN SAMAR","CATBALOGAN CITY","STD-Lon","STD-Lat","25/11/13","06:00 AM","119","921","1040"
"Damaged Houses","EFFECTS of TYPHOON ""YOLANDA"" (HAIYAN)","JICA / OCD","TYPHOON","Philippines","REGION X","MISAMIS ORIENTAL","GINOOG CITY","STD-Lon","STD-Lat","25/11/13","06:00 AM","0","3","3"
"Damaged Houses","EFFECTS of TYPHOON ""YOLANDA"" (HAIYAN)","JICA / OCD","TYPHOON","Philippines","REGION X","CAMIGUIN","SAGAY","STD-Lon","STD-Lat","25/11/13","06:00 AM","0","1","1"
"Damaged Houses","EFFECTS of TYPHOON ""YOLANDA"" (HAIYAN)","JICA / OCD","TYPHOON","Philippines","REGION X","CAMIGUIN","MAHINOG","STD-Lon","STD-Lat","25/11/13","06:00 AM","2","9","11"
"Damaged Houses","EFFECTS of TYPHOON ""YOLANDA"" (HAIYAN)","JICA / OCD","TYPHOON","Philippines","REGION X","CAMIGUIN","MAMBAJAO","STD-Lon","STD-Lat","25/11/13","06:00 AM","0","5","5"
"Damaged Houses","EFFECTS of TYPHOON ""YOLANDA"" (HAIYAN)","JICA / OCD","TYPHOON","Philippines","REGION XI","COMPOSTELLA VALLEY","MONKAYO","STD-Lon","STD-Lat","25/11/13","06:00 AM","2","0","2"
"Damaged Houses","EFFECTS of TYPHOON ""YOLANDA"" (HAIYAN)","JICA / OCD","TYPHOON","Philippines","REGION XI","COMPOSTELLA VALLEY","NEW BATAAN","STD-Lon","STD-Lat","25/11/13","06:00 AM","0","3","3"
"Damaged Houses","EFFECTS of TYPHOON ""YOLANDA"" (HAIYAN)","JICA / OCD","TYPHOON","Philippines","REGION XI","COMPOSTELLA VALLEY","MACO","STD-Lon","STD-Lat","25/11/13","06:00 AM","2","0","2"
"Damaged Houses","EFFECTS of TYPHOON ""YOLANDA"" (HAIYAN)","JICA / OCD","TYPHOON","Philippines","REGION XI","COMPOSTELLA VALLEY","NABUNTURAN","STD-Lon","STD-Lat","25/11/13","06:00 AM","0","3","3"
"Damaged Houses","EFFECTS of TYPHOON ""YOLANDA"" (HAIYAN)","JICA / OCD","TYPHOON","Philippines","REGION XI","DAVAO ORIENTAL","BOSTON","STD-Lon","STD-Lat","25/11/13","06:00 AM","0","3","3"
"Damaged Houses","EFFECTS of TYPHOON ""YOLANDA"" (HAIYAN)","JICA / OCD","TYPHOON","Philippines","REGION XI","DAVAO ORIENTAL","CATEEL","STD-Lon","STD-Lat","25/11/13","06:00 AM","5","3","8"
"Damaged Houses","EFFECTS of TYPHOON ""YOLANDA"" (HAIYAN)","JICA / OCD","TYPHOON","Philippines","REGION XI","DAVAO ORIENTAL","MANAY","STD-Lon","STD-Lat","25/11/13","06:00 AM","3","3","6"
"Damaged Houses","EFFECTS of TYPHOON ""YOLANDA"" (HAIYAN)","JICA / OCD","TYPHOON","Philippines","REGION XI","DAVAO ORIENTAL","PASIL","STD-Lon","STD-Lat","25/11/13","06:00 AM","5","3","8"
"Damaged Houses","EFFECTS of TYPHOON ""YOLANDA"" (HAIYAN)","JICA / OCD","TYPHOON","Philippines","REGION XI","DAVAO ORIENTAL","TARRAGONA","STD-Lon","STD-Lat","25/11/13","06:00 AM","2","0","2"
"Damaged Houses","EFFECTS of TYPHOON ""YOLANDA"" (HAIYAN)","JICA / OCD","TYPHOON","Philippines","REGION XI","DAVAO DEL SUR","MALITA","STD-Lon","STD-Lat","25/11/13","06:00 AM","1","2","3"
"Damaged Houses","EFFECTS of TYPHOON ""YOLANDA"" (HAIYAN)","JICA / OCD","TYPHOON","Philippines","REGION XIII","SURIGAO DEL NORTE","DEL CARMEN","STD-Lon","STD-Lat","25/11/13","06:00 AM","1","10","11"
"Damaged Houses","EFFECTS of TYPHOON ""YOLANDA"" (HAIYAN)","JICA / OCD","TYPHOON","Philippines","REGION XIII","SURIGAO DEL NORTE","SAN FRANCISCO","STD-Lon","STD-Lat","25/11/13","06:00 AM","2","40","42"
"Damaged Houses","EFFECTS of TYPHOON ""YOLANDA"" (HAIYAN)","JICA / OCD","TYPHOON","Philippines","REGION XIII","SURIGAO DEL SUR","LINGIG","STD-Lon","STD-Lat","25/11/13","06:00 AM","16","23","39"
"Damaged Houses","EFFECTS of TYPHOON ""YOLANDA"" (HAIYAN)","JICA / OCD","TYPHOON","Philippines","REGION XIII","DINAGAT ISLAND","CAGDIANAO","STD-Lon","STD-Lat","25/11/13","06:00 AM","0","2","2"
"Damaged Houses","EFFECTS of TYPHOON ""YOLANDA"" (HAIYAN)","JICA / OCD","TYPHOON","Philippines","REGION XIII","DINAGAT ISLAND","BASILISA","STD-Lon","STD-Lat","25/11/13","06:00 AM","21","332","353"
"Damaged Houses","EFFECTS of TYPHOON ""YOLANDA"" (HAIYAN)","JICA / OCD","TYPHOON","Philippines","REGION XIII","DINAGAT ISLAND","LIBJO","STD-Lon","STD-Lat","25/11/13","06:00 AM","0","45","45"
"Damaged Houses","EFFECTS of TYPHOON ""YOLANDA"" (HAIYAN)","JICA / OCD","TYPHOON","Philippines","REGION XIII","DINAGAT ISLAND","LORETO","STD-Lon","STD-Lat","25/11/13","06:00 AM","3","0","3"
"Damaged Houses","EFFECTS of TYPHOON ""YOLANDA"" (HAIYAN)","JICA / OCD","TYPHOON","Philippines","REGION XIII","DINAGAT ISLAND","DINAGAT","STD-Lon","STD-Lat","25/11/13","06:00 AM","0","32","32"
"Damaged Houses","EFFECTS of TYPHOON ""YOLANDA"" (HAIYAN)","JICA / OCD","TYPHOON","Philippines","REGION XIII","DINAGAT ISLAND","SAN JOSE","STD-Lon","STD-Lat","25/11/13","06:00 AM","1","1","2"
"Damaged Houses","EFFECTS of TYPHOON ""YOLANDA"" (HAIYAN)","JICA / OCD","TYPHOON","Philippines","REGION XIII","DINAGAT ISLAND","TUBAJON","STD-Lon","STD-Lat","25/11/13","06:00 AM","1","19","20"
